Variable,Explaination
Views_show,Number of times the show was viewed
Visitors,"Number of visitors who browsed the platform, but not necessarily watched a video. "
Views_platform,Number of times a video was viewed on the platform 
Ad_impression,Proxy for marketing budget. Represents number of impressions generated by ads
Cricket_match_india,"If a cricket match was being played. 1 indicates that there was a match on a given day, 0 indicates there wasn't"
Character_A,"Describes presence of Character A. 1 indicates that character A was present in the episode, 0 indicates she/he wasn't"
